CUSTOMER_ID,SEX,BIRTH_DATE,FIRST_PURCHASE_DATE
244, ,1900/01/01,2017/04/25
299, ,1900/01/01,2017/05/03
330, ,1900/01/01,2017/07/18
355, ,1900/01/01,2017/05/09
426,F,1900/01/01,2017/05/16
448, ,1900/01/01,2017/05/21
546, ,1991/06/06,2017/03/11
716, ,1900/01/01,2017/07/02
737, ,1900/01/01,2017/04/23
759,F,1900/01/01,2017/04/23
857, ,1900/01/01,2020/09/24
894, ,1900/01/01,2017/05/13
976, ,1900/01/01,2017/05/20
981, ,1900/01/01,2017/05/21
1243, ,1900/01/01,2018/01/18
1444, ,1900/01/01,2017/05/20
1763, ,1997/05/05,2017/04/27
2013, ,1900/01/01,2017/05/29
2113, ,1900/01/01,2017/06/13
2257, ,1900/01/01,2017/06/29
2319, ,1900/01/01,2019/08/06
2588, ,1900/01/01,2017/06/04
2673, ,1990/10/15,2017/06/18
2679, ,1900/01/01,2018/03/03
2819, ,1900/01/01,2020/06/04
2854, ,1900/01/01,2017/07/05
2859, ,1900/01/01,2017/07/05
2959, ,1900/01/01,2017/07/20
3156, ,1982/04/04,2017/06/10
3224, ,1900/01/01,2017/06/17
3234, ,1900/01/01,2017/06/17
3338, ,1989/02/19,2017/07/02
3373,F,1900/01/01,2017/07/03
3403, ,1900/01/01,2017/07/09
3504, ,1900/01/01,2017/05/23
3595, ,1900/01/01,2017/05/31
3763, ,1900/01/01,2017/06/21
3882, ,1900/01/01,2017/07/01
3891, ,1900/01/01,2020/06/06
4105,F,1900/01/01,2017/08/09
4183, ,1900/01/01,2017/11/05
4292, ,1900/01/01,2017/09/09
4330, ,1900/01/01,2017/09/11
4353, ,1900/01/01,2018/02/19
4381, ,1900/01/01,2017/09/21
4408, ,1900/01/01,2017/10/01
4434, ,1982/07/01,2017/10/02
4457, ,1900/01/01,2017/10/03
4817, ,1900/01/01,2017/09/08
4922, ,1900/01/01,2017/10/13
5016, ,1900/01/01,2017/10/10
5155, ,1900/01/01,2017/08/05
5233, ,1900/01/01,2017/08/25
5274, ,1900/01/01,2017/08/29
5343,F,1979/07/14,2017/09/06
5482, ,1900/01/01,2017/10/06
5570, ,1994/11/05,2017/07/24
5630, ,1985/02/08,2017/08/01
5638, ,1900/01/01,2017/08/02
5641, ,1900/01/01,2017/08/02
5669, ,1900/01/01,2017/08/08
5786, ,1900/01/01,2017/08/24
5983, ,1900/01/01,2017/09/24
6076, ,1900/01/01,2017/11/23
6102, ,1900/01/01,2017/10/24
6255, ,1900/01/01,2017/11/30
6325, ,1900/01/01,2017/12/11
6398,O,1900/01/01,2017/12/22
6451, ,1900/01/01,2017/12/30
6636, ,1900/01/01,2017/10/22
6648, ,1900/01/01,2017/11/08
6656, ,1900/01/01,2017/11/08
6712, ,1900/01/01,2017/11/15
6738, ,1900/01/01,2017/11/16
6861,M,1900/01/01,2017/12/09
6972, ,1900/01/01,2017/12/28
7179, ,1900/01/01,2017/10/30
7308, ,1900/01/01,2017/11/25
7585, ,1900/01/01,2018/01/08
7593, ,1900/01/01,2018/01/08
7604, ,1900/01/01,2017/10/14
7607, ,1900/01/01,2017/10/14
7610,O,1900/01/01,2017/10/16
7669, ,1900/01/01,2017/11/10
7682, ,1900/01/01,2017/10/27
7753, ,1900/01/01,2017/11/08
8042,F,1900/01/01,2017/12/26
8153, ,1900/01/01,2018/01/27
8181,F,1900/01/01,2018/02/06
8281, ,1900/01/01,2018/02/20
8378, ,1990/01/10,2018/03/15
8536, ,1900/01/01,2018/04/07
8551, ,1900/01/01,2018/04/08
8558, ,1900/01/01,2018/04/27
8583, ,1900/01/01,2018/04/18
8665,F,1900/01/01,2018/01/25
8783, ,1900/01/01,2018/02/17
8835, ,1900/01/01,2018/03/02
8865,F,1987/11/29,2018/03/03
8957, ,1900/01/01,2018/03/24
8963, ,1900/01/01,2018/03/24
8976, ,1900/01/01,2018/03/24
8982, ,1900/01/01,2018/03/25
8997, ,1900/01/01,2018/03/25
9079, ,1900/01/01,2018/04/14
9248, ,1900/01/01,2018/02/03
9264, ,1900/01/01,2018/02/14
9317, ,1900/01/01,2018/02/16
9390, ,1900/01/01,2018/02/28
9467, ,1900/01/01,2018/03/26
9483, ,1900/01/01,2018/03/22
9499, ,1900/01/01,2018/03/23
9616, ,1900/01/01,2018/04/14
9635, ,1900/01/01,2018/04/14
9683, ,1900/01/01,2018/01/17
9785,F,1900/01/01,2018/02/09
9934, ,1900/01/01,2018/03/07
10010, ,1900/01/01,2018/03/19
10044,F,1900/01/01,2018/03/28
10192, ,1900/01/01,2018/04/29
10210, ,1900/01/01,2018/04/29
10224, ,1989/07/01,2018/05/07
10322, ,1900/01/01,2018/05/19
10405,F,1998/05/30,2018/06/01
10410, ,1900/01/01,2018/06/02
10481, ,1900/01/01,2018/06/22
10484, ,1900/01/01,2018/06/22
10496, ,1900/01/01,2018/06/22
10629, ,1900/01/01,2018/07/14
10650, ,1900/01/01,2018/07/14
10735, ,1900/01/01,2018/04/28
10741, ,1900/01/01,2018/05/05
10815, ,1900/01/01,2018/05/16
10865, ,1900/01/01,2018/05/27
10866, ,1900/01/01,2018/05/27
10883, ,1900/01/01,2018/05/28
11096, ,1900/01/01,2018/07/01
11141, ,1900/01/01,2018/07/10
11229, ,1900/01/01,2018/04/24
11269, ,1900/01/01,2018/05/03
11324, ,1900/01/01,2018/05/13
11485, ,1900/01/01,2018/06/06
11619, ,1900/01/01,2018/06/29
11733, ,1900/01/01,2018/04/21
11788, ,1900/01/01,2018/04/30
11826,F,1900/01/01,2018/05/10
11848, ,1900/01/01,2018/05/11
11962,F,1900/01/01,2018/06/02
11976, ,1900/01/01,2018/06/02
12037, ,1900/01/01,2018/06/14
12127, ,1900/01/01,2018/06/26
12198, ,1900/01/01,2018/07/07
12243, ,1900/01/01,2018/07/27
12259, ,1900/01/01,2018/07/27
12332, ,1900/01/01,2018/08/07
12340, ,1900/01/01,2018/08/14
12361, ,1900/01/01,2018/08/15
12364, ,1900/01/01,2018/08/15
12371, ,1900/01/01,2018/08/16
12377, ,1900/01/01,2018/08/16
12438, ,1900/01/01,2018/08/26
12744,F,1900/01/01,2018/07/23
12791, ,1900/01/01,2018/08/03
12802, ,1978/05/12,2018/08/03
12934, ,1900/01/01,2018/08/23
12972, ,1900/01/01,2018/08/25
13000, ,1983/10/06,2018/09/02
13074, ,1900/01/01,2018/09/14
13162, ,1900/01/01,2018/09/27
13179, ,1993/03/22,2018/10/08
13237, ,1900/01/01,2018/10/11
13240, ,1900/01/01,2018/07/18
13268, ,1900/01/01,2018/07/20
13516, ,1900/01/01,2018/08/31
13552, ,1900/01/01,2018/09/01
13669, ,1900/01/01,2018/09/23
13742, ,1900/01/01,2018/10/08
13743, ,1900/01/01,2018/10/08
13825, ,1900/01/01,2018/07/28
13837, ,1900/01/01,2018/07/29
13879,F,1900/01/01,2018/07/30
13880, ,1900/01/01,2018/07/30
13920,F,1990/08/01,2018/08/09
13990, ,1900/01/01,2018/08/18
14016, ,1900/01/01,2018/08/27
14119, ,1900/01/01,2018/09/08
14139, ,1900/01/01,2018/09/09
14353,F,1900/01/01,2018/10/24
14405, ,1900/01/01,2018/10/30
14471, ,1900/01/01,2018/11/05
14474, ,1900/01/01,2018/11/05
14635, ,1900/01/01,2018/11/20
14677, ,1900/01/01,2020/11/07
14727, ,1900/01/01,2018/12/05
14744, ,1900/01/01,2018/12/06
14776, ,1900/01/01,2018/10/15
14915, ,1900/01/01,2018/10/28
14944, ,1900/01/01,2018/10/29
15052, ,1900/01/01,2018/11/11
15069, ,1900/01/01,2018/11/11
15244, ,1900/01/01,2018/12/04
15252, ,1987/04/27,2018/12/04
15401, ,1900/01/01,2018/10/27
15674, ,1900/01/01,2018/11/24
15690, ,1900/01/01,2018/11/24
16000, ,1900/01/01,2018/11/02
16076, ,1900/01/01,2018/11/09
16094, ,1900/01/01,2018/11/14
16294, ,1900/01/01,2018/12/13
16299, ,1900/01/01,2018/12/13
16320, ,1997/10/06,2018/12/13
16338, ,1900/01/01,2018/12/19
16348, ,1900/01/01,2018/12/19
16454,M,1900/01/01,2019/01/02
16484, ,1900/01/01,2019/01/03
16499, ,1900/01/01,2019/01/03
16702, ,1900/01/01,2019/01/26
16716, ,1900/01/01,2019/01/21
17300, ,1900/01/01,2018/12/09
17328, ,1900/01/01,2018/12/15
17612,F,1900/01/01,2019/01/13
17621, ,1900/01/01,2019/01/14
17831, ,1900/01/01,2018/12/14
17847, ,1900/01/01,2018/12/14
17877,O,1900/01/01,2018/12/20
18006, ,1900/01/01,2019/01/03
18096, ,1900/01/01,2019/01/11
18327, ,1900/01/01,2019/02/06
18636, ,1900/01/01,2019/04/05
18709, ,1900/01/01,2019/03/11
18798, ,1900/01/01,2019/01/31
18815, ,1900/01/01,2019/02/04
19049, ,1900/01/01,2019/02/25
19081, ,1900/01/01,2019/02/26
19436, ,1900/01/01,2019/02/13
19572,F,1988/03/15,2019/02/24
19588, ,1900/01/01,2019/02/25
19645, ,1900/01/01,2019/03/01
19684,M,1972/02/28,2019/03/08
20107, ,1900/01/01,2019/02/28
20212, ,1900/01/01,2021/03/19
20215,O,1900/01/01,2019/04/07
20457, ,1900/01/01,2019/04/02
20800, ,1900/01/01,2019/03/22
21060,F,1900/01/01,2019/04/12
21062, ,1900/01/01,2019/04/12
21071, ,1900/01/01,2019/04/19
21233, ,1900/01/01,2019/03/13
21239, ,1900/01/01,2019/03/13
21371, ,1900/01/01,2019/03/24
21387, ,1900/01/01,2019/03/24
21421, ,1900/01/01,2019/04/06
21627, ,1900/01/01,2019/04/17
21680, ,1900/01/01,2019/04/22
21694, ,1900/01/01,2019/04/22
21699, ,1900/01/01,2019/04/23
21712, ,1900/01/01,2019/03/11
21813, ,1900/01/01,2019/03/17
21848, ,1900/01/01,2019/03/23
21894, ,1900/01/01,2019/03/28
21953, ,1991/06/24,2019/04/03
22024, ,1900/01/01,2019/04/08
22025, ,1900/01/01,2019/04/08
22029, ,1900/01/01,2019/04/08
22183, ,1900/01/01,2019/04/21
22189,F,1972/07/20,2019/04/21
22196, ,1900/01/01,2019/05/02
22214,F,1900/01/01,2020/11/10
22495, ,1900/01/01,2019/06/06
22608,O,1900/01/01,2019/06/16
22783,M,1900/01/01,2019/05/25
23038, ,1991/01/03,2019/06/06
23145, ,1900/01/01,2019/06/26
23552, ,1900/01/01,2019/06/10
23596, ,1900/01/01,2019/06/12
23598, ,1900/01/01,2019/06/18
23825, ,1900/01/01,2019/05/18
23868, ,1900/01/01,2019/05/25
24055, ,1900/01/01,2019/06/17
24088, ,1900/01/01,2019/06/28
24111, ,1900/01/01,2019/06/29
24119,F,1900/01/01,2019/06/29
24286, ,1900/01/01,2019/07/19
24307, ,1900/01/01,2019/07/20
24308, ,1900/01/01,2019/07/20
24337, ,1900/01/01,2019/09/22
24398, ,1900/01/01,2019/08/03
24520, ,1900/01/01,2019/08/18
24678, ,1900/01/01,2019/07/04
25096, ,1900/01/01,2019/07/01
25119, ,1900/01/01,2019/06/26
25434, ,1900/01/01,2019/08/07
25502, ,1900/01/01,2019/08/15
25507, ,1900/01/01,2019/08/15
25511, ,1900/01/01,2019/08/15
25645, ,1900/01/01,2019/06/30
25692, ,1900/01/01,2019/07/06
25701, ,1900/01/01,2019/07/06
25820, ,1900/01/01,2019/07/21
25891, ,1900/01/01,2019/07/28
25994, ,1900/01/01,2019/08/12
26077, ,1900/01/01,2019/08/25
26122, ,1900/01/01,2019/09/01
26207,F,1991/10/11,2019/09/09
26228,M,1900/01/01,2019/09/09
26252, ,1900/01/01,2019/09/16
26370, ,1900/01/01,2019/10/02
26450, ,1900/01/01,2019/10/11
26470, ,1900/01/01,2019/10/11
26471, ,1900/01/01,2019/10/11
26553, ,1900/01/01,2019/08/26
26664, ,1969/03/14,2019/09/01
26746, ,1900/01/01,2019/09/14
26748, ,1900/01/01,2019/09/14
26844, ,1900/01/01,2019/09/22
26992, ,1900/01/01,2019/10/15
27015, ,1900/01/01,2019/10/16
27044, ,1900/01/01,2019/10/17
27333, ,1900/01/01,2019/09/25
27397,M,1984/09/20,2019/09/28
27411, ,1900/01/01,2019/09/28
27494, ,1979/06/28,2019/10/13
27637, ,1900/01/01,2019/08/27
27672,F,1900/01/01,2019/09/03
27974, ,1900/01/01,2019/10/05
28127, ,1900/01/01,2019/11/03
28198,F,1900/01/01,2019/11/11
28338,O,1900/01/01,2019/11/30
28515, ,1900/01/01,2019/12/22
28552, ,1900/01/01,2019/10/24
28661, ,1900/01/01,2019/11/02
28710, ,1900/01/01,2019/11/10
28821, ,1900/01/01,2019/11/27
28924, ,1900/01/01,2019/12/11
28965, ,1900/01/01,2019/12/13
29033, ,1900/01/01,2019/12/21
29178, ,1900/01/01,2019/11/07
29231, ,1900/01/01,2019/11/09
29236, ,1900/01/01,2019/11/09
29291,F,1900/01/01,2019/11/17
29527, ,1900/01/01,2019/12/19
29560, ,1900/01/01,2019/10/19
29625, ,1900/01/01,2019/10/28
29885, ,1900/01/01,2019/11/30
30042, ,1900/01/01,2019/12/17
30191, ,1900/01/01,2020/01/13
30253, ,1900/01/01,2020/01/21
30285, ,1900/01/01,2020/01/22
30293, ,1900/01/01,2020/01/22
30312, ,1900/01/01,2020/01/29
30464, ,1900/01/01,2020/02/10
30678, ,1900/01/01,2020/01/11
30724, ,1900/01/01,2020/01/12
30730, ,1900/01/01,2021/02/08
30795, ,1900/01/01,2020/01/20
30865, ,1900/01/01,2020/02/02
30871, ,1900/01/01,2020/08/05
30962, ,1900/01/01,2020/02/08
31138, ,1900/01/01,2020/01/03
31196, ,1900/01/01,2020/01/10
31218, ,1900/01/01,2020/01/11
31312, ,1900/01/01,2020/01/25
31520, ,1900/01/01,2020/02/14
31723, ,1900/01/01,2020/01/14
31780, ,1986/01/25,2020/01/23
31789, ,1900/01/01,2020/01/23
32061, ,1900/01/01,2020/02/23
32123, ,1900/01/01,2020/03/02
32141,F,1900/01/01,2020/10/17
32236, ,1900/01/01,2020/03/20
32250, ,1900/01/01,2020/03/20
32271, ,1944/11/11,2020/03/25
32277, ,1900/01/01,2020/03/25
32307, ,1900/01/01,2020/03/26
32322, ,1900/01/01,2020/03/26
32374, ,1900/01/01,2020/03/29
32405, ,1900/01/01,2020/04/02
32424, ,1900/01/01,2020/04/03
32485, ,1900/01/01,2020/04/08
32586, ,1900/01/01,2020/02/29
32588, ,1900/01/01,2020/02/29
32651, ,1900/01/01,2020/03/08
32668,O,1900/01/01,2020/03/08
32682, ,1900/01/01,2020/03/09
32730, ,1900/01/01,2020/03/17
32749, ,1900/01/01,2020/03/18
32817, ,1900/01/01,2020/03/25
32824, ,1900/01/01,2020/03/27
32829, ,1900/01/01,2020/03/27
32845, ,1900/01/01,2020/03/28
32871, ,1900/01/01,2020/03/28
32872, ,1900/01/01,2020/03/28
32874, ,1900/01/01,2020/03/28
32885, ,1900/01/01,2020/04/01
32886, ,1900/01/01,2020/04/01
32922, ,1900/01/01,2020/04/02
32954, ,1900/01/01,2020/04/06
32969, ,1900/01/01,2020/04/07
32978, ,1900/01/01,2020/04/07
32990, ,1900/01/01,2020/04/07
33275, ,1900/01/01,2020/03/23
33290, ,1900/01/01,2020/03/23
33313, ,1900/01/01,2020/03/27
33336, ,1971/04/18,2020/06/25
33338, ,1983/05/02,2020/07/14
33350, ,1900/01/01,2020/03/27
33362, ,1900/01/01,2020/03/27
33391, ,1900/01/01,2020/03/31
33402, ,1900/01/01,2020/03/31
33510,O,1900/01/01,2020/02/18
33532, ,1900/01/01,2020/05/25
33547, ,1900/01/01,2020/03/25
33583, ,1900/01/01,2020/02/24
33586, ,1900/01/01,2020/02/24
33734, ,1900/01/01,2020/03/14
33774, ,1900/01/01,2020/03/21
33786, ,1900/01/01,2020/03/22
33818, ,1900/01/01,2020/03/26
33863, ,1980/01/20,2020/09/03
33886, ,1900/01/01,2021/01/14
33897, ,1900/01/01,2021/01/13
33898, ,1900/01/01,2020/07/16
33905, ,1900/01/01,2020/03/30
33937, ,1900/01/01,2020/04/04
33939, ,1900/01/01,2020/04/04
33940, ,1900/01/01,2020/04/04
33957, ,1900/01/01,2020/04/04
33968, ,1900/01/01,2020/04/04
34151, ,1972/04/26,2020/04/22
34158, ,1900/01/01,2020/04/22
34163, ,1900/01/01,2020/04/22
34169, ,1900/01/01,2020/04/22
34224, ,1900/01/01,2020/04/27
34254, ,1900/01/01,2020/04/30
34275,M,1900/01/01,2020/05/01
34365, ,1900/01/01,2020/05/09
34373, ,1900/01/01,2020/05/09
34506, ,1900/01/01,2020/04/12
34520, ,1900/01/01,2020/04/12
34527, ,1900/01/01,2020/04/13
34549, ,1900/01/01,2020/04/16
34609, ,1900/01/01,2020/04/20
34641, ,1900/01/01,2020/04/21
34654, ,1997/05/26,2020/04/21
34678, ,1900/01/01,2020/04/24
34728, ,1900/01/01,2020/04/29
34741, ,1900/01/01,2020/04/29
34814, ,1900/01/01,2020/05/05
34819, ,1900/01/01,2020/05/05
34843, ,1900/01/01,2020/05/05
34871, ,1900/01/01,2020/05/09
34926, ,1900/01/01,2020/05/12
34938, ,1900/01/01,2020/05/13
34977, ,1900/01/01,2020/04/10
34996, ,1991/01/19,2020/04/11
35009, ,1900/01/01,2020/04/11
35028, ,1900/01/01,2020/04/11
35089, ,1900/01/01,2020/04/19
35121, ,1900/01/01,2020/04/20
35127, ,1900/01/01,2020/04/20
35151, ,1900/01/01,2020/04/23
35183, ,1900/01/01,2020/04/23
35313, ,1900/01/01,2020/05/04
35351, ,1900/01/01,2020/05/08
35359, ,1900/01/01,2020/05/08
35455, ,1900/01/01,2020/04/09
35457, ,1900/01/01,2020/04/09
35463, ,1900/01/01,2020/04/09
35474, ,1900/01/01,2020/04/09
35581, ,1900/01/01,2020/04/18
35592, ,1900/01/01,2020/04/18
35609,O,1900/01/01,2020/04/18
35615, ,1900/01/01,2020/04/19
35632, ,1900/01/01,2020/04/22
35637, ,1900/01/01,2020/04/22
35655, ,1900/01/01,2020/04/23
35699, ,1900/01/01,2020/04/27
35752, ,1900/01/01,2020/05/02
35890, ,1900/01/01,2020/05/11
36030, ,1900/01/01,2020/05/22
36176, ,1900/01/01,2020/05/30
36199, ,1900/01/01,2020/05/30
36216, ,1900/01/01,2020/05/30
36267, ,1900/01/01,2020/06/02
36408, ,1900/01/01,2020/06/11
36477, ,1900/01/01,2020/05/20
36478, ,1900/01/01,2020/05/21
36482, ,1982/10/12,2020/05/21
36572,F,1900/01/01,2020/05/25
36588, ,1979/04/17,2020/05/25
36702, ,1900/01/01,2020/05/30
36778, ,1900/01/01,2020/06/04
36795, ,1900/01/01,2020/06/04
36814, ,1900/01/01,2020/06/04
36823, ,1900/01/01,2020/06/05
36942, ,1900/01/01,2020/05/16
36970, ,1900/01/01,2020/05/20
37203, ,1900/01/01,2020/06/01
37255, ,1900/01/01,2020/06/01
37263, ,1900/01/01,2020/06/03
37268, ,1900/01/01,2020/06/03
37318, ,1900/01/01,2020/06/04
37319, ,1900/01/01,2020/06/07
37342, ,1900/01/01,2020/06/08
37345, ,1900/01/01,2020/06/08
37467, ,1900/01/01,2020/05/19
37567,O,1900/01/01,2020/05/26
37704, ,1900/01/01,2020/05/31
37825, ,1900/01/01,2020/06/06
37827, ,1900/01/01,2020/06/06
37832, ,1900/01/01,2020/06/06
37836, ,1900/01/01,2020/06/06
37857, ,1900/01/01,2020/06/07
37875, ,1900/01/01,2020/06/15
37920, ,1900/01/01,2020/12/15
38032, ,1900/01/01,2020/06/23
38111, ,1900/01/01,2020/07/03
38161, ,1900/01/01,2020/10/11
38272, ,1900/01/01,2020/07/11
38364, ,1900/01/01,2020/06/13
38392, ,1900/01/01,2020/06/14
38432, ,1900/01/01,2020/06/18
38458, ,1900/01/01,2020/06/21
38490, ,1900/01/01,2020/06/22
38557, ,1900/01/01,2020/06/27
38589,F,2003/05/22,2020/07/02
38660, ,1900/01/01,2021/06/28
38672, ,1900/01/01,2021/04/30
38678, ,1900/01/01,2020/08/03
38681, ,1989/05/16,2020/07/13
38934, ,1900/01/01,2020/06/20
38949, ,1900/01/01,2020/06/20
38967, ,1900/01/01,2020/06/20
39056, ,1900/01/01,2020/06/30
39080, ,1900/01/01,2020/07/01
39119, ,1900/01/01,2020/07/05
39155, ,1900/01/01,2020/07/06
39177, ,1900/01/01,2020/07/09
39240,F,1990/06/19,2020/07/13
39255, ,1900/01/01,2020/07/13
39259,F,1989/06/23,2020/07/13
39306, ,1900/01/01,2020/06/11
39358, ,1900/01/01,2020/06/16
39371, ,1900/01/01,2020/06/16
39378, ,1900/01/01,2020/06/16
39419, ,1900/01/01,2020/09/10
39476, ,1900/01/01,2020/06/24
39497, ,1900/01/01,2020/06/24
39504, ,1900/01/01,2020/06/25
39563, ,1967/08/10,2020/06/30
39566, ,1900/01/01,2020/06/30
39578, ,1900/01/01,2020/06/30
39681, ,1900/01/01,2020/07/08
39746,F,2010/04/26,2020/09/09
39747,F,2020/07/09,2020/07/13
39751, ,1900/01/01,2020/10/10
39786, ,1900/01/01,2020/09/30
39975,F,1988/07/06,2020/07/22
39983,M,1986/07/21,2020/07/22
40008, ,1900/01/01,2020/07/24
40079,F,1990/12/05,2020/07/25
40130,F,1979/07/23,2020/07/28
40182, ,1900/01/01,2020/07/30
40188, ,1900/01/01,2020/07/30
40228,M,1963/04/26,2020/07/16
40229, ,1900/01/01,2020/07/16
40306,F,1988/01/01,2020/07/19
40316,F,1965/12/03,2020/08/02
40347,M,1984/07/28,2020/07/20
40405, ,1900/01/01,2020/07/22
40526, ,1900/01/01,2020/07/25
40547, ,1900/01/01,2020/07/25
40630, ,1900/01/01,2020/07/28
40698,M,1956/07/03,2020/12/26
40730,M,1900/01/01,2020/07/16
40854, ,1900/01/01,2020/08/13
40928, ,1900/01/01,2020/07/22
40956, ,1996/08/20,2020/07/23
41070,F,1972/07/23,2020/07/27
41109,F,1991/07/03,2020/07/29
41196,F,1961/06/08,2020/07/15
41272, ,1900/01/01,2020/07/18
41311, ,1900/01/01,2020/07/20
41584, ,1900/01/01,2020/07/28
41639, ,1900/01/01,2020/07/31
42007, ,1900/01/01,2020/08/12
42140, ,1900/01/01,2020/09/10
42330,F,1980/10/27,2020/08/06
42333, ,1900/01/01,2020/08/06
42361, ,1900/01/01,2021/03/16
42364,F,1983/08/02,2020/08/07
42388,F,1997/01/02,2020/08/07
42397,F,1996/11/07,2020/09/01
42462,F,1990/03/26,2020/08/11
42555, ,1900/01/01,2020/08/13
42579, ,1900/01/01,2020/08/13
42624,F,1989/03/22,2020/07/31
42774,F,1983/06/08,2020/08/05
42780,M,1969/04/23,2020/08/05
42782,F,1980/07/22,2020/08/11
42791, ,1900/01/01,2020/08/05
42909,M,1900/01/01,2020/08/09
42922,F,1995/11/02,2020/08/09
42944,F,1992/08/26,2020/08/11
42959,F,1991/01/27,2020/08/11
42966, ,1900/01/01,2020/12/17
43031, ,2020/08/13,2020/08/13
43078, ,1900/01/01,2020/07/30
43148,F,1991/05/07,2020/08/01
43197,F,1979/11/10,2020/08/03
43347, ,1900/01/01,2020/08/07
43376,F,1981/07/19,2020/08/08
43381, ,1900/01/01,2020/08/08
43478, ,1900/01/01,2020/08/11
43574, ,1988/06/20,2020/08/15
43607, ,2020/08/16,2020/08/16
43692, ,1986/07/21,2020/08/18
43813, ,1900/01/01,2020/08/22
43857, ,1900/01/01,2020/08/25
43912,F,1983/07/13,2020/10/11
44064, ,2020/08/16,2020/08/16
44098, ,1974/12/14,2020/08/16
44109, ,2020/08/16,2020/08/16
44113, ,2020/08/16,2020/08/16
44252, ,1900/01/01,2020/08/22
44291,F,1989/03/04,2020/08/22
44293,F,1992/06/27,2020/08/22
44471, ,1900/01/01,2020/08/29
44515, ,1900/01/01,2020/08/14
44528, ,1900/01/01,2020/08/14
44534, ,1900/01/01,2020/08/14
44676,M,1981/08/25,2020/10/29
44721,M,1991/05/22,2020/08/21
44772,M,1993/02/03,2020/09/08
44959,O,1900/01/01,2020/08/14
44977, ,1900/01/01,2020/08/14
45107, ,1900/01/01,2020/08/17
45140,F,1990/07/04,2020/08/18
45226,F,1972/07/28,2020/08/21
45291,F,2019/09/15,2020/08/24
45338, ,1900/01/01,2020/08/26
45341,F,1968/02/04,2020/09/04
45396, ,1900/01/01,2020/08/28
45465,F,1978/10/23,2020/09/01
45466,M,1984/02/19,2020/09/01
45544,F,1977/05/28,2020/11/07
45590,M,1986/02/07,2020/09/05
45593,M,1982/06/10,2020/09/05
45659,M,1985/07/31,2020/09/08
45661,M,1991/06/15,2020/09/08
45688, ,1985/04/19,2020/09/08
45694,M,1999/09/20,2020/09/08
45716,F,1991/06/28,2021/01/04
45736,F,1986/03/16,2020/09/30
45743, ,1900/01/01,2020/09/10
45921,F,1900/01/01,2020/08/31
45991,F,1988/01/09,2020/09/03
45994, ,1900/01/01,2020/09/03
46032,M,1991/04/29,2020/09/04
46035,F,1972/03/26,2020/09/04
46036,F,1977/06/26,2020/09/04
46247, ,1900/01/01,2020/09/10
46279,f,1978/04/24,2020/09/12
46378, ,1900/01/01,2020/09/02
46452, ,1900/01/01,2020/09/04
46510,M,1986/06/16,2020/09/05
46561,F,1990/11/29,2020/09/07
46603,M,1987/10/01,2020/09/07
46619,M,1989/11/24,2020/09/09
46652,M,1983/12/05,2020/09/09
46694, ,1900/01/01,2020/09/11
46724, ,1900/01/01,2020/09/11
46728, ,1900/01/01,2020/09/11
46739,f,1953/03/07,2020/09/12
46740,f,1982/05/03,2020/09/12
46800, ,1900/01/01,2020/08/30
46861, ,1900/01/01,2020/09/01
46864, ,1900/01/01,2020/09/01
46956,M,1989/03/22,2020/09/03
47120, ,1900/01/01,2020/09/08
47288,f,2000/06/28,2020/09/14
47295,f,1982/08/10,2020/09/15
47304, ,1900/01/01,2020/09/15
47382, ,1900/01/01,2020/09/17
47392, ,1900/01/01,2020/09/17
47428,f,1958/01/02,2020/09/19
47476,m,1987/08/21,2020/09/20
47489,f,1994/10/07,2020/09/20
47491,f,1997/02/12,2020/09/20
47541,F,1979/12/15,2020/09/24
47661, ,1900/01/01,2020/09/27
47666, ,1900/01/01,2020/09/27
47734,F,1966/05/14,2020/09/30
47741, ,1900/01/01,2020/09/30
47745, ,1900/01/01,2020/09/30
47773, ,1900/01/01,2020/09/14
47784,f,1973/05/30,2020/09/14
47804, ,1900/01/01,2020/09/14
47826,m,1981/01/03,2020/09/16
47873,f,1978/11/03,2020/09/16
47876, ,1900/01/01,2020/09/16
48003, ,1900/01/01,2020/09/22
48023,M,1991/03/01,2020/09/23
48057,M,1963/11/24,2020/09/23
48101,F,1962/11/06,2020/09/25
48113,M,1986/04/01,2020/09/25
48182,M,1981/02/22,2020/09/27
48184, ,1900/01/01,2020/09/29
48199, ,1900/01/01,2020/09/29
48246, ,1900/01/01,2020/09/14
48300, ,1900/01/01,2020/09/14
48302, ,1900/01/01,2020/09/16
48305, ,1900/01/01,2020/09/16
48307,m,1994/08/27,2021/01/30
48384,m,1959/12/25,2020/09/18
48425,m,1981/04/21,2020/09/19
48429, ,1900/01/01,2020/09/19
48474,f,1992/04/17,2020/09/19
48499, ,1900/01/01,2020/09/21
48500,f,1958/01/29,2020/09/23
48503,f,1976/08/26,2020/09/22
48658, ,1900/01/01,2020/09/29
48683,M,1973/05/18,2020/09/29
48693,M,1994/12/14,2020/10/02
48750, ,1900/01/01,2020/09/13
48811,f,1997/11/17,2020/09/15
48836, ,1900/01/01,2020/09/15
48854,f,1976/09/01,2020/09/17
48872,f,1993/11/18,2020/09/17
48894,f,1979/10/25,2020/09/17
48914,f,1977/05/10,2020/09/19
48997,f,1980/04/02,2020/09/21
49016, ,1900/01/01,2020/09/21
49045,F,1995/12/20,2020/09/24
49062,F,1983/06/13,2020/09/24
49082,F,1985/06/23,2020/09/26
49107, ,1900/01/01,2020/09/26
49224,F,1900/01/01,2020/10/02
49437,M,1985/04/07,2020/10/08
49647, ,1900/01/01,2020/10/13
49694, ,1900/01/01,2020/10/01
49714, ,1900/01/01,2020/10/02
49756, ,1900/01/01,2020/10/03
49856, ,1900/01/01,2020/10/05
49880,F,2018/10/25,2020/10/06
49889,F,1986/04/15,2020/10/10
49930, ,1900/01/01,2020/10/08
49931,F,1900/01/01,2020/10/08
49963, ,1900/01/01,2020/10/08
50097, ,1900/01/01,2020/10/11
50121,F,1981/03/04,2020/10/13
50131,F,1980/07/10,2020/10/13
50149,F,1985/11/30,2020/10/24
50159,M,1900/01/01,2020/10/09
50200, ,1900/01/01,2020/10/01
50202,F,1975/04/09,2020/10/01
50406, ,1900/01/01,2020/10/06
50479,F,1989/06/05,2021/05/02
50656,F,1975/01/22,2020/10/24
50675,F,1984/11/14,2020/09/30
50676, ,1900/01/01,2020/09/30
50686,F,1978/07/05,2020/09/30
50695,F,1971/09/09,2020/09/30
50748, ,1900/01/01,2020/10/02
50799, ,1900/01/01,2020/10/03
50815,F,1997/09/22,2020/10/04
51068, ,1900/01/01,2020/10/10
51097,F,1977/04/30,2020/12/20
51158,F,1988/11/20,2020/12/21
51249,F,1982/09/17,2021/02/06
51283, ,1900/01/01,2020/10/18
51346, ,1900/01/01,2020/10/20
51355, ,1900/01/01,2020/10/20
51453,O,1900/01/01,2020/10/22
51481,M,1971/07/15,2020/10/23
51496,F,1976/02/12,2020/10/23
51535,F,1987/08/06,2021/03/30
51621,F,1996/08/01,2020/11/08
51627,F,2020/03/23,2020/11/08
51667, ,1900/01/01,2020/10/15
51679, ,1900/01/01,2020/10/15
51691, ,1900/01/01,2020/10/15
51855, ,1900/01/01,2020/10/20
51892, ,1900/01/01,2020/10/21
51970, ,1900/01/01,2020/10/23
51977, ,1900/01/01,2020/10/23
51985, ,1900/01/01,2020/10/23
52159,F,1979/10/08,2020/10/14
52169, ,1900/01/01,2020/10/14
52302, ,1900/01/01,2020/10/17
52304,F,1981/04/04,2020/10/17
52330, ,1900/01/01,2020/10/19
52358, ,1900/01/01,2020/10/19
52369, ,1900/01/01,2020/10/20
52422, ,1900/01/01,2020/10/21
52449, ,1900/01/01,2020/10/22
52507, ,1900/01/01,2020/10/24
52571,F,1992/07/19,2021/03/04
52645,O,1900/01/01,2020/10/14
52669,F,1994/09/08,2020/12/01
52803,F,1985/05/16,2020/10/18
52809,M,1971/07/23,2020/10/18
52938,F,1976/05/16,2020/10/22
53062, ,1900/01/01,2020/10/25
53128, ,1900/01/01,2020/10/28
53197, ,1900/01/01,2020/10/30
53384, ,1900/01/01,2020/11/04
53470, ,1900/01/01,2020/11/08
53514, ,1900/01/01,2020/11/08
53573, ,1900/01/01,2020/11/10
53575, ,1900/01/01,2020/11/10
53740, ,1900/01/01,2020/10/31
53801,F,2020/02/16,2020/11/02
53853,F,1996/01/12,2021/04/10
53874,M,1980/08/08,2020/11/04
53891,F,1975/09/17,2020/11/06
53907, ,1900/01/01,2020/11/06
53928,F,1963/02/03,2020/11/06
53955, ,1900/01/01,2020/11/07
53994,F,2000/11/15,2020/11/08
54016,F,1900/01/01,2020/11/09
54022,M,1983/11/12,2020/11/09
54133, ,1900/01/01,2020/10/29
54139,F,1900/01/01,2020/10/29
54366,O,1984/09/12,2020/11/05
54387, ,1900/01/01,2020/11/05
54396,F,1999/06/15,2020/11/05
54459, ,1900/01/01,2020/11/07
54508,F,1960/06/09,2020/11/09
54515, ,1900/01/01,2020/11/09
54530,F,1980/11/16,2020/11/09
54567, ,1900/01/01,2020/10/27
54636,M,2020/10/15,2020/10/29
54721,F,1986/01/19,2020/10/30
54811,F,2001/10/26,2020/11/03
54827, ,1900/01/01,2020/11/03
54869,F,2006/08/23,2020/12/07
55111, ,1900/01/01,2020/11/13
55294, ,1900/01/01,2020/11/16
55323, ,1900/01/01,2020/11/16
55508, ,1900/01/01,2020/11/20
55539, ,1900/01/01,2020/11/11
55563,F,1992/06/21,2020/11/11
55591, ,1900/01/01,2020/11/13
55631,F,1970/01/20,2020/11/13
55672,F,1985/11/20,2020/11/14
55688,M,1976/07/07,2021/02/03
55694,F,1995/08/20,2020/11/14
55722, ,1900/01/01,2020/11/15
55780, ,1900/01/01,2020/11/16
55826, ,1900/01/01,2020/11/17
55970, ,1900/01/01,2020/11/19
55989,F,1995/12/23,2020/11/19
56071, ,1900/01/01,2020/11/12
56187, ,1900/01/01,2020/11/14
56371,F,1983/01/26,2020/11/18
56383, ,1900/01/01,2020/11/18
56385, ,1900/01/01,2020/11/18
56418,F,1992/08/21,2020/11/18
56438, ,1900/01/01,2020/11/19
56492,F,2020/09/24,2020/11/11
56704,F,1962/09/23,2020/11/14
56751,O,1975/10/02,2021/01/05
56778,O,1978/10/22,2020/11/15
57026, ,1900/01/01,2020/11/21
57119,F,1973/10/06,2020/11/23
57131, ,1900/01/01,2020/11/23
57169,F,2003/04/17,2020/11/24
57196, ,1900/01/01,2020/11/25
57226,F,1963/08/29,2020/11/25
57252, ,1900/01/01,2020/11/26
57341,M,1982/11/04,2020/11/28
57423, ,1900/01/01,2020/11/30
57437, ,1900/01/01,2020/11/30
57594,F,1956/06/29,2021/01/23
57674, ,1900/01/01,2020/11/24
57764, ,1900/01/01,2020/11/26
57788, ,1900/01/01,2020/11/27
57823,F,1992/03/20,2020/11/27
57981,F,1994/07/05,2020/11/20
58190, ,1900/01/01,2020/11/24
58267, ,1900/01/01,2020/11/27
58281, ,1900/01/01,2020/11/27
58324,F,1967/04/11,2020/12/08
58376, ,1900/01/01,2020/11/28
58386, ,1900/01/01,2020/11/29
58476, ,1900/01/01,2020/11/20
58511,F,2020/10/07,2020/11/21
58527,F,1984/05/18,2020/11/21
58734, ,1900/01/01,2020/11/25
58859,F,1998/06/25,2020/11/28
58928, ,1900/01/01,2020/11/29
58940, ,1900/01/01,2020/12/01
58953,M,1986/01/08,2020/12/27
58966, ,1900/01/01,2020/12/02
58993, ,1900/01/01,2020/12/03
59049, ,1900/01/01,2020/12/03
59136, ,1900/01/01,2020/12/06
59175, ,1900/01/01,2020/12/07
59181, ,1900/01/01,2020/12/07
59195, ,1900/01/01,2020/12/07
59278, ,1900/01/01,2020/12/09
59292,F,1994/04/28,2020/12/12
59326, ,1900/01/01,2020/12/11
59355, ,1900/01/01,2020/12/11
59364, ,1900/01/01,2020/12/12
59404,O,1985/09/13,2020/12/15
59442, ,1900/01/01,2020/12/01
59475, ,1900/01/01,2020/12/01
59482, ,1900/01/01,2020/12/02
59610, ,1900/01/01,2020/12/05
59644, ,1900/01/01,2020/12/05
59674,F,1990/10/25,2020/12/07
59713, ,1900/01/01,2020/12/07
59718, ,1900/01/01,2020/12/09
59763,F,1900/01/01,2020/12/09
59811,O,1900/01/01,2020/12/10
59817, ,1900/01/01,2020/12/10
59822, ,1900/01/01,2020/12/10
59833,F,1991/10/29,2020/12/10
59863,F,1984/03/27,2020/12/12
59887,F,1990/05/21,2020/12/12
59986, ,1900/01/01,2020/12/02
60009,F,1980/08/02,2020/12/02
60031, ,1900/01/01,2020/12/04
60055, ,1900/01/01,2020/12/04
60251,F,2002/03/07,2020/12/09
60278, ,1900/01/01,2020/12/10
60356, ,1900/01/01,2020/12/11
60814, ,1900/01/01,2020/12/11
60821, ,1900/01/01,2020/12/11
60831, ,1900/01/01,2020/12/11
60854, ,1900/01/01,2020/12/11
60901, ,1900/01/01,2020/12/13
60936, ,1900/01/01,2020/12/14
60963, ,1900/01/01,2020/12/14
61114, ,1900/01/01,2020/12/19
61210, ,1900/01/01,2020/12/20
61244, ,1900/01/01,2020/12/21
61252, ,1900/01/01,2020/12/21
61289, ,1900/01/01,2020/12/21
61304,M,1992/08/06,2020/12/22
61311,F,1983/09/12,2020/12/22
61323, ,1900/01/01,2020/12/22
61404, ,1900/01/01,2020/12/13
61451, ,1900/01/01,2020/12/14
61485,F,1990/04/14,2020/12/15
61525, ,1900/01/01,2020/12/16
61536, ,1900/01/01,2020/12/16
61573, ,1900/01/01,2020/12/17
61576, ,1900/01/01,2020/12/17
61598, ,1900/01/01,2020/12/17
61614, ,1900/01/01,2020/12/18
61657, ,1900/01/01,2020/12/19
61667,F,1981/09/29,2020/12/19
61744, ,1900/01/01,2020/12/21
61753, ,1900/01/01,2020/12/21
61792, ,1900/01/01,2020/12/22
61879,O,2003/11/12,2020/12/24
62126, ,1900/01/01,2020/12/18
62234, ,1900/01/01,2020/12/20
62242, ,1900/01/01,2020/12/20
62557, ,1900/01/01,2020/12/16
62598, ,1900/01/01,2020/12/18
62639, ,1900/01/01,2020/12/18
62904, ,1900/01/01,2020/12/26
62958,M,1992/11/13,2021/02/15
63134, ,1900/01/01,2020/12/30
63162,F,1988/09/12,2020/12/31
63272, ,1900/01/01,2021/01/04
63291, ,1900/01/01,2021/01/04
63307,M,1997/06/08,2021/01/04
63368, ,1900/01/01,2020/12/23
63396, ,1900/01/01,2020/12/24
63411, ,1900/01/01,2020/12/24
63425,F,1997/07/24,2020/12/24
63478,F,1979/04/09,2020/12/26
63500,F,1989/12/18,2020/12/26
63521, ,1900/01/01,2020/12/28
63523, ,1900/01/01,2020/12/28
63549, ,1900/01/01,2020/12/28
63694, ,1900/01/01,2020/12/31
63774, ,1900/01/01,2021/01/04
63780, ,1900/01/01,2021/01/04
63831,F,1981/04/23,2020/12/23
63838,F,1997/11/13,2020/12/23
63855,F,1995/12/27,2020/12/23
63903, ,1900/01/01,2020/12/24
64020, ,1900/01/01,2020/12/28
64033, ,1900/01/01,2020/12/28
64079, ,1900/01/01,2020/12/29
64110,F,1971/10/05,2020/12/29
64130, ,1900/01/01,2020/12/30
64235,M,1965/08/22,2021/01/08
64255, ,1900/01/01,2021/01/03
64286, ,1900/01/01,2021/01/04
64307, ,1900/01/01,2021/01/04
64406,F,1973/03/13,2021/02/15
64455,F,1986/04/11,2020/12/26
64479, ,1900/01/01,2020/12/26
64528,F,1990/03/13,2020/12/27
64575, ,1900/01/01,2020/12/29
64613, ,1900/01/01,2020/12/29
64733, ,1900/01/01,2021/01/02
64759, ,1900/01/01,2021/01/03
64855, ,1900/01/01,2021/01/06
64873, ,1900/01/01,2021/01/07
64884, ,1900/01/01,2021/01/07
64894, ,1900/01/01,2021/01/07
65044,F,1993/02/17,2021/01/09
65056, ,1900/01/01,2021/01/11
65068, ,1900/01/01,2021/01/11
65118, ,1900/01/01,2021/01/12
65194, ,1900/01/01,2021/01/14
65271,F,1960/03/08,2021/01/16
65297, ,1900/01/01,2021/01/05
65365, ,1900/01/01,2021/01/07
65425, ,1900/01/01,2021/01/08
65557, ,1900/01/01,2021/01/11
65713, ,1900/01/01,2021/01/14
65719, ,1900/01/01,2021/01/14
65721, ,1900/01/01,2021/01/14
65764, ,1900/01/01,2021/01/15
65799, ,1900/01/01,2021/01/05
65825, ,1900/01/01,2021/01/05
65834, ,1900/01/01,2021/01/05
65867, ,1900/01/01,2021/01/06
65918, ,1900/01/01,2021/01/08
66067,F,1998/05/07,2021/01/10
66101, ,1900/01/01,2021/01/12
66124, ,1900/01/01,2021/01/12
66170, ,1900/01/01,2021/01/13
66314, ,1900/01/01,2021/01/05
66349,F,1980/10/06,2021/01/06
66407, ,1900/01/01,2021/01/06
66425,F,1991/06/17,2021/01/07
66613, ,1900/01/01,2021/01/11
66704, ,1900/01/01,2021/01/13
66768,M,1996/11/19,2021/01/15
66772, ,1900/01/01,2021/01/15
66781,M,1990/04/04,2021/01/15
66798, ,1900/01/01,2021/01/17
66814, ,1900/01/01,2021/01/17
66850,F,1900/01/01,2021/01/18
66913, ,1900/01/01,2021/01/20
66958, ,1900/01/01,2021/01/20
67005, ,1900/01/01,2021/01/22
67014,F,1994/10/04,2021/01/22
67169, ,1900/01/01,2021/01/26
67186, ,1900/01/01,2021/01/26
67280,F,1990/05/09,2021/01/16
67368, ,1900/01/01,2021/01/18
67480, ,1900/01/01,2021/01/21
67507,F,1967/05/08,2021/01/21
67560, ,1900/01/01,2021/01/23
67694, ,1900/01/01,2021/01/26
67732, ,1900/01/01,2021/01/28
67792, ,1900/01/01,2021/01/16
67872, ,1900/01/01,2021/01/18
67881, ,1900/01/01,2021/01/18
67941, ,1900/01/01,2021/01/19
67978,F,1981/05/28,2021/01/21
68014,M,1986/05/14,2021/03/30
68029, ,1900/01/01,2021/01/22
68035, ,1900/01/01,2021/01/22
68042,M,1978/04/09,2021/01/22
68113, ,1900/01/01,2021/01/24
68121, ,1900/01/01,2021/01/24
68135,F,1998/04/09,2021/01/24
68160,F,1900/01/01,2021/01/26
68166, ,1900/01/01,2021/01/26
68185, ,1900/01/01,2021/01/26
68208, ,1900/01/01,2021/01/27
68212, ,1900/01/01,2021/01/27
68214,F,1900/01/01,2021/01/27
68229, ,1900/01/01,2021/01/27
68446, ,1900/01/01,2021/01/20
68480, ,1900/01/01,2021/01/20
68495, ,1900/01/01,2021/01/21
68529, ,1900/01/01,2021/01/22
68653, ,1900/01/01,2021/01/25
68728, ,1900/01/01,2021/01/27
68738, ,1900/01/01,2021/01/27
68748, ,1900/01/01,2021/01/27
68909,F,1997/09/09,2021/02/02
68921, ,1900/01/01,2021/02/02
68999, ,1900/01/01,2021/02/05
69085,F,1971/10/05,2021/02/06
69123, ,1900/01/01,2021/02/08
69125, ,1900/01/01,2021/02/08
69127, ,1900/01/01,2021/02/08
69192,F,1992/03/23,2021/02/10
69199, ,1900/01/01,2021/02/10
69333,M,1983/12/15,2021/01/30
69374, ,1900/01/01,2021/02/01
69431, ,1900/01/01,2021/02/03
69437, ,1900/01/01,2021/02/03
69466, ,1900/01/01,2021/02/03
69491, ,1900/01/01,2021/02/03
69500, ,1900/01/01,2021/02/05
69520, ,1900/01/01,2021/02/05
69539, ,1900/01/01,2021/02/05
69560, ,1900/01/01,2021/02/06
69591, ,1900/01/01,2021/02/06
69620, ,1900/01/01,2021/02/07
69676, ,1900/01/01,2021/02/08
69691, ,1900/01/01,2021/02/09
69697,F,1978/01/30,2021/02/09
69698, ,1900/01/01,2021/02/09
69747, ,1900/01/01,2021/01/29
69773, ,1900/01/01,2021/01/29
69780, ,1900/01/01,2021/01/29
69788, ,1900/01/01,2021/01/29
69863, ,1900/01/01,2021/02/01
69880, ,1900/01/01,2021/02/01
69996, ,1900/01/01,2021/02/04
70002, ,1900/01/01,2021/02/04
70049, ,1900/01/01,2021/02/06
70055, ,1900/01/01,2021/02/06
70091, ,1900/01/01,2021/02/06
70103, ,1900/01/01,2021/02/06
70129, ,1900/01/01,2021/02/07
70131, ,1900/01/01,2021/02/08
70139, ,1900/01/01,2021/02/07
70161, ,1900/01/01,2021/02/07
70187, ,1900/01/01,2021/02/09
70189,M,1983/06/19,2021/02/09
70200, ,1900/01/01,2021/02/09
70208,F,1997/02/27,2021/02/09
70216, ,1900/01/01,2021/02/09
70264, ,1900/01/01,2021/01/29
70441, ,1900/01/01,2021/02/02
70454, ,1900/01/01,2021/02/02
70505, ,1900/01/01,2021/02/04
70544, ,1900/01/01,2021/02/05
70609,F,1988/11/30,2021/02/25
70702, ,1900/01/01,2021/02/09
70722, ,1900/01/01,2021/02/09
70766, ,1900/01/01,2021/02/12
70819,F,1998/04/27,2021/02/13
70833, ,1900/01/01,2021/02/13
70841, ,1900/01/01,2021/02/13
70843, ,1900/01/01,2021/02/13
70869, ,1900/01/01,2021/02/15
70878, ,1900/01/01,2021/02/15
70880, ,1900/01/01,2021/02/15
70881, ,1900/01/01,2021/02/16
70882, ,1900/01/01,2021/02/16
70888, ,1900/01/01,2021/02/15
70889, ,1900/01/01,2021/02/15
70897, ,1900/01/01,2021/02/16
70939, ,1900/01/01,2021/02/16
70966, ,1900/01/01,2021/02/17
70981, ,1900/01/01,2021/02/18
71000,F,1970/11/26,2021/02/18
71005, ,1900/01/01,2021/02/18
71021,F,2001/01/04,2021/02/18
71028, ,1900/01/01,2021/02/19
71089, ,1900/01/01,2021/02/20
71146, ,1900/01/01,2021/02/22
71185, ,1900/01/01,2021/02/24
71223,F,1981/12/20,2021/02/13
71238,F,1996/05/01,2021/02/11
71250, ,1900/01/01,2021/02/11
71309, ,1900/01/01,2021/02/13
71355,M,1982/05/25,2021/02/14
71443,F,1900/01/01,2021/02/16
71478, ,1900/01/01,2021/02/17
71485,F,1984/03/08,2021/02/17
71506, ,1900/01/01,2021/02/17
71575,F,1994/12/21,2021/02/20
71580, ,1900/01/01,2021/02/22
71672, ,1900/01/01,2021/02/23
71691, ,1900/01/01,2021/02/23
71694,M,1981/08/04,2021/02/23
71757, ,1900/01/01,2021/02/11
71759, ,1900/01/01,2021/02/11
71760, ,1900/01/01,2021/02/11
71774, ,1900/01/01,2021/02/12
71781, ,1900/01/01,2021/02/12
72063, ,1900/01/01,2021/02/19
72073, ,1900/01/01,2021/02/20
72096, ,1900/01/01,2021/02/22
72143,M,1990/08/14,2021/02/23
72171, ,1900/01/01,2021/02/23
72201, ,1900/01/01,2021/02/10
72234,O,2000/06/22,2021/02/10
72267, ,1900/01/01,2021/02/12
72307, ,1900/01/01,2021/02/12
72428, ,1900/01/01,2021/02/15
72444,F,1984/07/24,2021/02/18
72475, ,1900/01/01,2021/02/19
72480, ,1900/01/01,2021/02/19
72508,F,1983/11/30,2021/02/20
72542, ,1900/01/01,2021/02/20
72566, ,1900/01/01,2021/02/20
72569, ,1900/01/01,2021/02/22
72575, ,1900/01/01,2021/02/22
72601, ,1900/01/01,2021/02/22
72645, ,1900/01/01,2021/02/26
72742, ,1900/01/01,2021/03/01
72780, ,1900/01/01,2021/03/02
72785, ,1900/01/01,2021/03/02
72830, ,1900/01/01,2021/03/04
72874, ,1900/01/01,2021/03/05
72877, ,1900/01/01,2021/03/05
72885,M,1980/06/03,2021/03/05
72886, ,1900/01/01,2021/03/05
73000, ,1900/01/01,2021/03/09
73016, ,1900/01/01,2021/03/09
73043,M,1900/01/01,2021/03/09
73086, ,1900/01/01,2021/03/11
73093, ,1900/01/01,2021/03/11
73117, ,1900/01/01,2021/03/11
73132, ,1900/01/01,2021/02/25
73194, ,1900/01/01,2021/02/27
73202, ,1900/01/01,2021/02/27
73245, ,1900/01/01,2021/03/01
73257, ,1900/01/01,2021/03/01
73265, ,1900/01/01,2021/03/01
73287, ,1900/01/01,2021/03/01
73303, ,1900/01/01,2021/03/01
73306, ,1900/01/01,2021/03/03
73335, ,1900/01/01,2021/03/03
73354, ,1900/01/01,2021/03/03
73372, ,1900/01/01,2021/03/05
73388, ,1900/01/01,2021/03/05
73401, ,1900/01/01,2021/03/05
73402, ,1900/01/01,2021/03/05
73403, ,1900/01/01,2021/03/05
73404, ,1900/01/01,2021/03/05
73448, ,1900/01/01,2021/03/06
73490, ,1900/01/01,2021/03/08
73535, ,1900/01/01,2021/03/09
73549, ,1900/01/01,2021/03/10
73578,O,1989/02/10,2021/03/11
73581, ,1900/01/01,2021/03/11
73593, ,1900/01/01,2021/03/11
73597,O,1900/01/01,2021/03/11
73610,F,1986/02/13,2021/02/24
73615, ,1900/01/01,2021/02/24
73648, ,1900/01/01,2021/02/25
73653, ,1900/01/01,2021/02/25
73705, ,1900/01/01,2021/02/27
73736, ,1900/01/01,2021/03/01
73748, ,1900/01/01,2021/03/01
73751,F,1968/08/05,2021/02/28
73819, ,1900/01/01,2021/03/03
73871, ,1900/01/01,2021/03/04
73882, ,1900/01/01,2021/03/04
73898,F,1998/01/26,2021/03/05
73906, ,1900/01/01,2021/03/05
73911, ,1900/01/01,2021/03/05
73923, ,1900/01/01,2021/03/06
73951, ,1900/01/01,2021/03/06
73999, ,1900/01/01,2021/03/08
74000, ,1900/01/01,2021/03/08
74019, ,1900/01/01,2021/03/08
74051, ,1900/01/01,2021/03/10
74052, ,1900/01/01,2021/03/10
74317, ,1900/01/01,2021/04/09
74324, ,1900/01/01,2021/03/02
74330, ,1900/01/01,2021/03/02
74362, ,1900/01/01,2021/03/04
74365, ,1900/01/01,2021/03/04
74366, ,1900/01/01,2021/03/04
74382, ,1900/01/01,2021/03/04
74407, ,1900/01/01,2021/03/06
74408, ,1900/01/01,2021/03/06
74419, ,1900/01/01,2021/03/06
74462, ,1900/01/01,2021/03/06
74471, ,1900/01/01,2021/03/08
74472, ,1900/01/01,2021/03/08
74497, ,1900/01/01,2021/03/08
74531, ,1900/01/01,2021/03/09
74544, ,1900/01/01,2021/03/09
74548, ,1900/01/01,2021/03/09
74573, ,1900/01/01,2021/03/11
74576, ,1900/01/01,2021/03/10
74578, ,1900/01/01,2021/03/10
74586, ,1900/01/01,2021/03/10
74616, ,1900/01/01,2021/03/13
74645, ,1900/01/01,2021/03/13
74651, ,1900/01/01,2021/03/13
74665, ,1900/01/01,2021/03/15
74670, ,1900/01/01,2021/03/15
74679, ,1900/01/01,2021/03/15
74692, ,1900/01/01,2021/03/15
74703, ,1900/01/01,2021/03/15
74727, ,1900/01/01,2021/03/16
74731, ,1900/01/01,2021/03/16
74743, ,1900/01/01,2021/03/16
74781, ,1900/01/01,2021/03/18
74800, ,1900/01/01,2021/03/18
74801, ,1900/01/01,2021/03/18
74802, ,1900/01/01,2021/03/18
74803, ,1900/01/01,2021/03/18
74872, ,1900/01/01,2021/03/20
74880, ,1900/01/01,2021/03/20
74881, ,1900/01/01,2021/03/20
74895, ,1900/01/01,2021/03/21
74916, ,1900/01/01,2021/03/21
74935, ,1900/01/01,2021/03/22
74947, ,1900/01/01,2021/03/22
74969, ,1900/01/01,2021/03/23
74976, ,1900/01/01,2021/03/23
74977, ,1900/01/01,2021/03/23
75044, ,1900/01/01,2021/03/25
75072, ,1900/01/01,2021/03/12
75095, ,1900/01/01,2021/03/12
75100, ,1900/01/01,2021/03/12
75101, ,1900/01/01,2021/03/12
75113, ,1900/01/01,2021/03/12
75129, ,1900/01/01,2021/03/14
75155, ,1900/01/01,2021/03/14
75161, ,1900/01/01,2021/03/15
75193, ,1900/01/01,2021/03/16
75208, ,1900/01/01,2021/03/16
75254, ,1900/01/01,2021/03/17
75282, ,1900/01/01,2021/03/18
75294, ,1900/01/01,2021/03/18
75318, ,1900/01/01,2021/03/19
75322, ,1900/01/01,2021/03/19
75355, ,1900/01/01,2021/03/20
75356,O,1998/11/05,2021/03/19
75362, ,1900/01/01,2021/03/19
75367, ,1900/01/01,2021/03/20
75370, ,1900/01/01,2021/03/21
75381, ,1900/01/01,2021/03/21
75420, ,1900/01/01,2021/03/21
75426, ,1900/01/01,2021/03/21
75432, ,1900/01/01,2021/03/23
75438, ,1900/01/01,2021/03/23
75447, ,1900/01/01,2021/03/23
75470, ,1900/01/01,2021/03/23
75471, ,1900/01/01,2021/03/23
75483, ,1900/01/01,2021/03/23
75496, ,1900/01/01,2021/03/25
75504, ,1900/01/01,2021/03/25
75510, ,1900/01/01,2021/03/25
75521, ,1900/01/01,2021/03/25
75541, ,1900/01/01,2021/03/25
75564, ,1900/01/01,2021/03/12
75574, ,1900/01/01,2021/03/12
75605, ,1900/01/01,2021/03/12
75606, ,1900/01/01,2021/03/12
75705, ,1900/01/01,2021/03/15
75730,F,1900/01/01,2021/03/16
75737,F,1996/12/28,2021/03/28
75751, ,1900/01/01,2021/03/17
75802, ,1900/01/01,2021/03/19
75812,F,1991/06/12,2021/03/26
75821, ,1900/01/01,2021/03/19
75831, ,1900/01/01,2021/03/19
75832, ,1900/01/01,2021/03/19
75849, ,1900/01/01,2021/03/20
75856,F,1900/01/01,2021/03/20
75859, ,1900/01/01,2021/03/20
75883,F,1981/02/05,2021/03/29
75901, ,1900/01/01,2021/03/21
75914, ,1900/01/01,2021/03/22
75957, ,1900/01/01,2021/03/22
75995, ,1900/01/01,2021/03/24
76042, ,1900/01/01,2021/03/11
76071, ,1900/01/01,2021/03/12
76083, ,1900/01/01,2021/03/12
76099, ,1900/01/01,2021/03/13
76113, ,1900/01/01,2021/03/13
76116,F,1975/11/08,2021/03/29
76124, ,1900/01/01,2021/03/13
76125, ,1900/01/01,2021/03/13
76131,F,1999/06/18,2021/03/13
76143, ,1900/01/01,2021/03/13
76153, ,1900/01/01,2021/03/15
76163, ,1900/01/01,2021/03/15
76164, ,1900/01/01,2021/03/15
76165, ,1900/01/01,2021/03/16
76166, ,1900/01/01,2021/03/15
76174, ,1900/01/01,2021/03/15
76199,O,1900/01/01,2021/03/15
76212, ,1900/01/01,2021/03/16
76248, ,1900/01/01,2021/03/17
76262, ,1900/01/01,2021/03/17
76293, ,1900/01/01,2021/03/19
76313,F,1900/01/01,2021/03/19
76319, ,1900/01/01,2021/03/19
76360, ,1900/01/01,2021/03/20
76372, ,1900/01/01,2021/03/20
76375, ,1900/01/01,2021/03/20
76377, ,1900/01/01,2021/03/20
76388,M,1900/01/01,2021/03/22
76389, ,1900/01/01,2021/03/22
76411, ,1900/01/01,2021/03/22
76424, ,1900/01/01,2021/03/22
76426, ,1900/01/01,2021/03/22
76440, ,1900/01/01,2021/03/22
76456, ,1900/01/01,2021/03/24
76457, ,1900/01/01,2021/03/24
76467, ,1900/01/01,2021/03/24
76491, ,1900/01/01,2021/03/24
76498, ,1900/01/01,2021/03/24
76499, ,1900/01/01,2021/03/24
76529, ,1900/01/01,2021/03/27
76534, ,1900/01/01,2021/03/27
76551, ,1900/01/01,2021/03/27
76614, ,1900/01/01,2021/03/28
76625, ,1900/01/01,2021/03/29
76632, ,1900/01/01,2021/03/30
76633, ,1900/01/01,2021/03/30
76634, ,1900/01/01,2021/03/30
76639, ,1900/01/01,2021/03/30
76645, ,1900/01/01,2021/03/30
76670, ,1900/01/01,2021/03/30
76681, ,1900/01/01,2021/03/30
76691, ,1900/01/01,2021/04/01
76692, ,1900/01/01,2021/04/01
76703, ,1900/01/01,2021/04/01
76710,F,1988/02/15,2021/04/01
76720, ,1900/01/01,2021/04/01
76759, ,1900/01/01,2021/04/03
76761, ,1900/01/01,2021/04/03
76814, ,1900/01/01,2021/04/06
76854, ,1900/01/01,2021/04/05
76858, ,1900/01/01,2021/04/06
76909, ,1900/01/01,2021/04/07
76922,O,1900/01/01,2021/04/07
76946, ,1900/01/01,2021/04/09
76947, ,1900/01/01,2021/04/09
76961, ,1900/01/01,2021/04/09
76974,O,1992/03/20,2021/04/09
76978, ,1900/01/01,2021/04/09
76994, ,1900/01/01,2021/03/26
76995, ,1900/01/01,2021/03/26
77004, ,1900/01/01,2021/03/26
77006, ,1900/01/01,2021/03/26
77007, ,1900/01/01,2021/03/27
77010, ,1900/01/01,2021/03/26
77011, ,1900/01/01,2021/03/26
77016, ,1900/01/01,2021/03/26
77044, ,1900/01/01,2021/03/28
77045, ,1900/01/01,2021/03/28
77076, ,1900/01/01,2021/03/28
77080, ,1900/01/01,2021/03/28
77088, ,1900/01/01,2021/03/29
77094, ,1900/01/01,2021/03/28
77116, ,1900/01/01,2021/03/30
77130, ,1900/01/01,2021/03/30
77131, ,1900/01/01,2021/03/30
77152, ,1900/01/01,2021/03/30
77153, ,1900/01/01,2021/03/30
77154, ,1900/01/01,2021/03/30
77182, ,1900/01/01,2021/04/08
77184, ,1900/01/01,2021/04/01
77193, ,1900/01/01,2021/04/01
77213, ,1900/01/01,2021/04/01
77282, ,1900/01/01,2021/04/03
77288, ,1900/01/01,2021/04/05
77299, ,1900/01/01,2021/04/05
77300, ,1900/01/01,2021/04/05
77309, ,1900/01/01,2021/04/05
77310, ,1900/01/01,2021/04/05
77311, ,1900/01/01,2021/04/05
77312, ,1900/01/01,2021/04/05
77320, ,1900/01/01,2021/04/05
77350,F,1990/02/02,2021/04/06
77379, ,1900/01/01,2021/04/07
77388, ,1900/01/01,2021/04/07
77402, ,1900/01/01,2021/04/07
77403, ,1900/01/01,2021/04/07
77404, ,1900/01/01,2021/04/07
77543, ,1900/01/01,2021/03/27
77555, ,1900/01/01,2021/03/27
77556, ,1900/01/01,2021/03/27
77629, ,1900/01/01,2021/03/29
77641, ,1900/01/01,2021/03/30
77645, ,1900/01/01,2021/03/31
77655, ,1900/01/01,2021/03/31
77658,F,1986/11/01,2021/04/05
77673, ,1900/01/01,2021/03/31
77687, ,1900/01/01,2021/03/31
77705,M,1994/10/14,2021/06/28
77723,F,1990/07/27,2021/04/02
77724, ,1900/01/01,2021/04/02
77750, ,1900/01/01,2021/04/03
77754,F,1994/08/02,2021/04/13
77762, ,1900/01/01,2021/04/03
77766, ,1900/01/01,2021/04/04
77773, ,1900/01/01,2021/04/04
77775, ,1900/01/01,2021/04/04
77785, ,1900/01/01,2021/04/04
77787, ,1900/01/01,2021/04/05
77796, ,1900/01/01,2021/04/05
77797, ,1900/01/01,2021/04/05
77798, ,1900/01/01,2021/04/05
77804, ,1900/01/01,2021/04/05
77816, ,1900/01/01,2021/04/05
77817, ,1900/01/01,2021/04/05
77831, ,1900/01/01,2021/04/06
77852, ,1900/01/01,2021/04/06
77871, ,1900/01/01,2021/04/06
77874, ,1900/01/01,2021/04/06
77884, ,1900/01/01,2021/04/08
77885, ,1900/01/01,2021/04/08
77934, ,1900/01/01,2021/04/08
77946, ,1900/01/01,2021/03/29
77947, ,1900/01/01,2021/03/26
77999, ,1900/01/01,2021/03/26
78048, ,1900/01/01,2021/03/27
78049, ,1900/01/01,2021/03/27
78072, ,1900/01/01,2021/03/30
78090, ,1900/01/01,2021/03/29
78095,F,1987/05/01,2021/03/29
78113,M,1979/09/01,2021/03/29
78149, ,1900/01/01,2021/03/31
78150, ,1900/01/01,2021/04/01
78186, ,1900/01/01,2021/04/01
78226, ,1900/01/01,2021/04/02
78240, ,1900/01/01,2021/04/02
78260,F,1995/10/05,2021/04/04
78276, ,1900/01/01,2021/04/05
78290, ,1900/01/01,2021/04/04
78325,M,1979/03/12,2021/04/09
78339, ,1900/01/01,2021/04/06
78369, ,1900/01/01,2021/04/06
78380, ,1900/01/01,2021/04/07
78384, ,1900/01/01,2021/04/08
78392, ,1900/01/01,2021/04/08
78393, ,1900/01/01,2021/04/08
78406, ,1900/01/01,2021/04/08
78407, ,1900/01/01,2021/04/08
78436, ,1900/01/01,2021/04/10
78437, ,1900/01/01,2021/04/10
78443, ,1900/01/01,2021/04/10
78467, ,1900/01/01,2021/04/12
78471, ,1900/01/01,2021/04/12
78479,O,1993/02/04,2021/04/12
78484, ,1900/01/01,2021/04/12
78518, ,1900/01/01,2021/04/12
78538, ,1900/01/01,2021/04/13
78539, ,1900/01/01,2021/04/14
78540, ,1900/01/01,2021/04/14
78548, ,1900/01/01,2021/04/14
78562, ,1900/01/01,2021/04/14
78565, ,1900/01/01,2021/04/14
78596, ,1900/01/01,2021/04/16
78604, ,1900/01/01,2021/04/16
78605, ,1900/01/01,2021/04/16
78606, ,1900/01/01,2021/04/16
78607, ,1900/01/01,2021/04/16
78630, ,1900/01/01,2021/04/16
78636, ,1900/01/01,2021/04/16
78656,M,1983/07/25,2021/04/17
78694, ,1900/01/01,2021/04/18
78696, ,1900/01/01,2021/04/18
78707, ,1900/01/01,2021/04/19
78708,O,1900/01/01,2021/04/19
78731, ,1900/01/01,2021/04/19
78748, ,1900/01/01,2021/04/20
78752, ,1900/01/01,2021/04/20
78764, ,1900/01/01,2021/04/21
78774, ,1900/01/01,2021/04/21
78785, ,1900/01/01,2021/04/22
78799, ,1900/01/01,2021/04/22
78852,F,1981/05/08,2021/04/23
78858, ,1900/01/01,2021/04/24
78862, ,1900/01/01,2021/04/24
78863, ,1900/01/01,2021/04/24
78885, ,1900/01/01,2021/04/10
78964, ,1900/01/01,2021/04/12
78978, ,1900/01/01,2021/04/12
79004, ,1900/01/01,2021/04/14
79013, ,1900/01/01,2021/04/14
79017, ,1900/01/01,2021/04/14
79025, ,1900/01/01,2021/04/14
79076, ,1900/01/01,2021/04/15
79100, ,1900/01/01,2021/04/17
79101, ,1900/01/01,2021/04/17
79158, ,1900/01/01,2021/04/19
79170, ,1900/01/01,2021/04/19
79202, ,1900/01/01,2021/04/21
79268, ,1900/01/01,2021/04/23
79286, ,1900/01/01,2021/04/23
79397, ,1900/01/01,2021/04/12
79408, ,1900/01/01,2021/04/12
79419, ,1900/01/01,2021/04/12
79439, ,1900/01/01,2021/04/13
79466, ,1900/01/01,2021/04/13
79484, ,1900/01/01,2021/04/15
79488, ,1900/01/01,2021/04/15
79514, ,1900/01/01,2021/04/15
79564, ,1900/01/01,2021/04/17
79571, ,1900/01/01,2021/04/17
79577, ,1900/01/01,2021/04/20
79578, ,1900/01/01,2021/04/17
79586, ,1900/01/01,2021/04/18
79605, ,1900/01/01,2021/04/19
79626, ,1900/01/01,2021/04/19
79627, ,1900/01/01,2021/04/19
79647, ,1900/01/01,2021/04/20
79693, ,1900/01/01,2021/04/20
79696, ,1900/01/01,2021/04/22
79718, ,1900/01/01,2021/04/22
79761, ,1900/01/01,2021/04/09
79762, ,1900/01/01,2021/04/09
79766, ,1900/01/01,2021/04/09
79785, ,1900/01/01,2021/04/09
79794, ,1900/01/01,2021/04/09
79826, ,1900/01/01,2021/04/12
79849, ,1900/01/01,2021/04/11
79864,F,1980/02/21,2021/04/12
79872, ,1900/01/01,2021/04/13
79886, ,1900/01/01,2021/04/13
79931, ,1900/01/01,2021/04/14
79932, ,1900/01/01,2021/04/14
79956, ,1900/01/01,2021/04/15
79965, ,1900/01/01,2021/04/15
79966, ,1900/01/01,2021/04/15
79974, ,1900/01/01,2021/04/16
80006, ,1900/01/01,2021/04/16
80007, ,1900/01/01,2021/04/16
80024, ,1900/01/01,2021/04/17
80030, ,1900/01/01,2021/04/18
80031, ,1900/01/01,2021/04/18
80053, ,1900/01/01,2021/04/18
80068, ,1900/01/01,2021/04/18
80108, ,1900/01/01,2021/04/20
80109, ,1900/01/01,2021/04/20
80123, ,1900/01/01,2021/04/20
80126, ,1900/01/01,2021/04/20
80140, ,1900/01/01,2021/04/22
80150, ,1900/01/01,2021/04/22
80151, ,1900/01/01,2021/04/22
80164, ,1900/01/01,2021/04/22
80165, ,1900/01/01,2021/04/22
80191, ,1900/01/01,2021/04/25
80198, ,1900/01/01,2021/05/24
80216,F,1900/01/01,2021/04/25
80244, ,1900/01/01,2021/04/25
80250, ,1900/01/01,2021/04/27
80251, ,1900/01/01,2021/04/27
80265, ,1900/01/01,2021/04/27
80279, ,1900/01/01,2021/04/27
80281, ,1900/01/01,2021/04/27
80304, ,1900/01/01,2021/04/29
80305, ,1900/01/01,2021/04/29
80340, ,1900/01/01,2021/04/29
80347, ,1900/01/01,2021/04/29
80419, ,1900/01/01,2021/05/02
80447, ,1900/01/01,2021/05/03
80456,O,1900/01/01,2021/05/03
80494, ,1900/01/01,2021/05/04
80496, ,1900/01/01,2021/05/04
80508, ,1900/01/01,2021/05/04
80516, ,1900/01/01,2021/05/04
80528, ,1900/01/01,2021/05/06
80529, ,1900/01/01,2021/05/06
80550, ,1900/01/01,2021/05/06
80562, ,1900/01/01,2021/05/06
80568, ,1900/01/01,2021/05/06
80641, ,1900/01/01,2021/04/25
80647, ,1900/01/01,2021/04/26
80708, ,1900/01/01,2021/04/26
80721, ,1900/01/01,2021/04/26
80742, ,1900/01/01,2021/04/27
80763, ,1900/01/01,2021/04/28
80781, ,1900/01/01,2021/04/29
80814, ,1900/01/01,2021/04/30
80822, ,1900/01/01,2021/04/30
80826, ,1900/01/01,2021/04/30
80841, ,1900/01/01,2021/04/30
80844, ,1900/01/01,2021/05/02
80898, ,1900/01/01,2021/05/02
80900, ,1900/01/01,2021/05/02
80919, ,1900/01/01,2021/05/04
80975, ,1900/01/01,2021/05/05
80989, ,1900/01/01,2021/05/06
80993,F,1981/04/14,2021/05/06
80998, ,1900/01/01,2021/05/06
81030, ,1900/01/01,2021/05/07
81060, ,1900/01/01,2021/05/07
81067, ,1900/01/01,2021/05/08
81113, ,1900/01/01,2021/04/24
81173, ,1900/01/01,2021/04/26
81205, ,1900/01/01,2021/04/28
81215, ,1900/01/01,2021/04/28
81221,M,1977/08/26,2021/04/28
81232, ,1900/01/01,2021/04/28
81246, ,1900/01/01,2021/04/30
81253, ,1900/01/01,2021/04/30
81256, ,1900/01/01,2021/04/30
81257, ,1900/01/01,2021/04/30
81360, ,1900/01/01,2021/05/03
81366, ,1900/01/01,2021/05/03
81390, ,1900/01/01,2021/05/03
81421, ,1900/01/01,2021/05/05
81422, ,1900/01/01,2021/05/05
81423, ,1900/01/01,2021/05/05
81424, ,1900/01/01,2021/05/05
81425, ,1900/01/01,2021/05/05
81470, ,1900/01/01,2021/05/07
81502, ,1900/01/01,2021/05/07
81520, ,1900/01/01,2021/04/24
81567, ,1900/01/01,2021/04/24
81647,O,1984/11/12,2021/04/27
81679,M,1991/03/14,2021/04/28
81702, ,1900/01/01,2021/04/29
81711, ,1900/01/01,2021/04/29
81772, ,1900/01/01,2021/05/02
81792, ,1900/01/01,2021/05/03
81796, ,1900/01/01,2021/05/03
81799, ,1900/01/01,2021/05/03
81812, ,1900/01/01,2021/05/03
81825, ,1900/01/01,2021/05/03
81855, ,1900/01/01,2021/05/04
81856, ,1900/01/01,2021/05/04
81879, ,1900/01/01,2021/05/05
81881, ,1900/01/01,2021/05/05
81907, ,1900/01/01,2021/05/06
81916, ,1900/01/01,2021/05/06
81935, ,1900/01/01,2021/05/06
81940, ,1900/01/01,2021/05/07
81951, ,1900/01/01,2021/05/07
81953, ,1900/01/01,2021/05/10
81960, ,1900/01/01,2021/05/10
81973, ,1900/01/01,2021/05/10
81999, ,1900/01/01,2021/05/10
82024, ,1900/01/01,2021/05/12
82032, ,1900/01/01,2021/05/12
82049,M,1993/02/22,2021/05/12
82050, ,1900/01/01,2021/05/12
82106,F,2001/09/25,2021/06/23
82114, ,1900/01/01,2021/05/14
82182, ,1900/01/01,2021/05/16
82183, ,1900/01/01,2021/05/16
82237, ,1900/01/01,2021/05/18
82263, ,1900/01/01,2021/05/18
82268, ,1900/01/01,2021/05/18
82280,O,1986/12/22,2021/05/18
82296, ,1900/01/01,2021/05/20
82297,F,1900/01/01,2021/05/20
82324, ,1900/01/01,2021/05/20
82348, ,1900/01/01,2021/05/21
82443, ,1900/01/01,2021/05/10
82446, ,1900/01/01,2021/05/10
82627,F,1981/11/27,2021/05/16
82651, ,1900/01/01,2021/05/16
82653, ,1900/01/01,2021/05/16
82669, ,1900/01/01,2021/05/16
82711, ,1900/01/01,2021/05/18
82713, ,1900/01/01,2021/05/18
82739, ,1900/01/01,2021/05/19
82757, ,1900/01/01,2021/05/19
82768, ,1900/01/01,2021/05/19
82786, ,1900/01/01,2021/05/21
82803, ,1900/01/01,2021/05/21
82817, ,1900/01/01,2021/05/21
82818, ,1900/01/01,2021/05/21
82819,F,1900/01/01,2021/05/21
82861, ,1900/01/01,2021/05/09
82922, ,1900/01/01,2021/05/11
82926, ,1900/01/01,2021/05/11
82927, ,1900/01/01,2021/05/11
82945, ,1900/01/01,2021/05/11
82946, ,1900/01/01,2021/05/11
82971, ,1900/01/01,2021/05/13
82981, ,1900/01/01,2021/05/13
82982, ,1900/01/01,2021/05/13
82986, ,1900/01/01,2021/05/13
83014, ,1900/01/01,2021/05/14
83036, ,1900/01/01,2021/05/14
83123, ,1900/01/01,2021/05/17
83136, ,1900/01/01,2021/05/17
83184, ,1900/01/01,2021/05/19
83190,O,1997/07/04,2021/05/26
83196, ,1900/01/01,2021/05/19
83198, ,1900/01/01,2021/05/19
83294, ,1900/01/01,2021/05/08
83355, ,1900/01/01,2021/05/10
83357, ,1900/01/01,2021/05/10
83360, ,1900/01/01,2021/05/10
83390, ,1900/01/01,2021/05/10
83400, ,1900/01/01,2021/05/12
83402, ,1900/01/01,2021/05/12
83436, ,1900/01/01,2021/05/12
83453, ,1900/01/01,2021/05/14
83460, ,1900/01/01,2021/05/14
83555,M,1985/04/26,2021/05/15
83569, ,1900/01/01,2021/05/17
83570, ,1900/01/01,2021/05/17
83581, ,1900/01/01,2021/05/17
83626, ,1900/01/01,2021/05/18
83691, ,1900/01/01,2021/05/20
83739, ,1900/01/01,2021/05/22
83798, ,1900/01/01,2021/05/24
83806, ,1900/01/01,2021/05/24
83871, ,1900/01/01,2021/05/26
83872, ,1900/01/01,2021/05/26
83899, ,1900/01/01,2021/05/28
83936, ,1900/01/01,2021/05/28
83986, ,1900/01/01,2021/05/29
84063, ,1900/01/01,2021/06/01
84101, ,1900/01/01,2021/06/02
84119, ,1900/01/01,2021/06/03
84141, ,1900/01/01,2021/06/03
84180, ,1900/01/01,2021/05/22
84209, ,1900/01/01,2021/05/23
84229, ,1900/01/01,2021/05/24
84261, ,1900/01/01,2021/05/24
84265, ,1900/01/01,2021/05/24
84273, ,1900/01/01,2021/05/24
84296, ,1900/01/01,2021/05/26
84304, ,1900/01/01,2021/05/26
84321, ,1900/01/01,2021/05/26
84331, ,1900/01/01,2021/05/26
84355, ,1900/01/01,2021/05/27
84358, ,1900/01/01,2021/05/27
84386,F,1972/12/02,2021/05/27
84425, ,1900/01/01,2021/05/29
84462, ,1900/01/01,2021/05/31
84463, ,1900/01/01,2021/05/31
84484, ,1900/01/01,2021/05/31
84573, ,1900/01/01,2021/06/02
84607, ,1900/01/01,2021/06/03
84661, ,1900/01/01,2021/05/22
84686, ,1900/01/01,2021/05/24
84720, ,1900/01/01,2021/05/24
84731, ,1900/01/01,2021/05/25
84732, ,1900/01/01,2021/05/25
84735, ,1900/01/01,2021/05/25
84791, ,1900/01/01,2021/05/27
84798, ,1900/01/01,2021/05/27
84800, ,1900/01/01,2021/05/27
84818, ,1900/01/01,2021/05/27
84839, ,1900/01/01,2021/05/28
84861, ,1900/01/01,2021/05/29
84872, ,1900/01/01,2021/05/29
84933, ,1900/01/01,2021/05/31
84942, ,1900/01/01,2021/05/31
84950, ,1900/01/01,2021/06/01
84965, ,1900/01/01,2021/06/01
84995, ,1900/01/01,2021/06/01
85012, ,1900/01/01,2021/06/02
85020, ,1900/01/01,2021/06/02
85060, ,1900/01/01,2021/05/22
85070, ,1900/01/01,2021/05/31
85075, ,1900/01/01,2021/05/22
85112,M,1977/11/01,2021/05/22
85120, ,1900/01/01,2021/05/23
85159, ,1900/01/01,2021/05/24
85188, ,1900/01/01,2021/05/25
85214, ,1900/01/01,2021/05/25
85216, ,1900/01/01,2021/05/25
85222, ,1900/01/01,2021/05/25
85249, ,1900/01/01,2021/05/26
85265, ,1900/01/01,2021/05/27
85285, ,1900/01/01,2021/05/28
85325, ,1900/01/01,2021/05/28
85368, ,1900/01/01,2021/05/30
85433, ,1900/01/01,2021/06/01
85440, ,1900/01/01,2021/06/01
85466, ,1900/01/01,2021/06/02
85494, ,1900/01/01,2021/06/02
85532, ,1900/01/01,2021/06/04
85695,F,1900/01/01,2021/06/08
85706, ,1900/01/01,2021/06/08
85770, ,1900/01/01,2021/06/09
85800, ,1900/01/01,2021/06/10
85801, ,1900/01/01,2021/06/10
85925, ,1900/01/01,2021/06/13
85959, ,1900/01/01,2021/06/04
86069, ,1900/01/01,2021/06/06
86144, ,1900/01/01,2021/06/07
86186, ,1900/01/01,2021/06/09
86192, ,1900/01/01,2021/06/09
86214, ,1900/01/01,2021/06/09
86215, ,1900/01/01,2021/06/09
86216, ,1900/01/01,2021/06/09
86229,F,1969/05/09,2021/06/10
86240, ,1900/01/01,2021/06/10
86250, ,1900/01/01,2021/06/10
86428, ,1900/01/01,2021/06/04
86490, ,1900/01/01,2021/06/05
86724, ,1900/01/01,2021/06/10
86748, ,1900/01/01,2021/06/11
86752, ,1900/01/01,2021/06/11
86825, ,1900/01/01,2021/06/12
86874, ,1900/01/01,2021/06/03
86918, ,1900/01/01,2021/06/04
87025, ,1900/01/01,2021/06/07
87048, ,1900/01/01,2021/06/07
87071, ,1900/01/01,2021/06/07
87090, ,1900/01/01,2021/06/08
87091, ,1900/01/01,2021/06/08
87096, ,1900/01/01,2021/06/08
87267, ,1900/01/01,2021/06/12
87268, ,1900/01/01,2021/06/12
87300, ,1900/01/01,2021/06/14
87368, ,1900/01/01,2021/06/16
87468, ,1900/01/01,2021/06/18
87587, ,1900/01/01,2021/06/21
87606, ,1900/01/01,2021/06/21
87698, ,1900/01/01,2021/06/24
87785, ,1900/01/01,2021/06/14
87786, ,1900/01/01,2021/06/14
87802, ,1900/01/01,2021/06/15
87815, ,1900/01/01,2021/06/15
87859, ,1900/01/01,2021/06/17
87939, ,1900/01/01,2021/06/18
87945, ,1900/01/01,2021/06/18
88069, ,1900/01/01,2021/06/21
88162, ,1900/01/01,2021/06/25
88218, ,1900/01/01,2021/06/14
88221, ,1900/01/01,2021/06/14
88225, ,1900/01/01,2021/06/14
88397, ,1900/01/01,2021/06/18
88422, ,1900/01/01,2021/06/19
88618, ,1900/01/01,2021/06/23
88664, ,1900/01/01,2021/06/13
88730, ,1900/01/01,2021/06/15
88744, ,1900/01/01,2021/06/16
88758, ,1900/01/01,2021/06/16
88854, ,1900/01/01,2021/06/19
88861, ,1900/01/01,2021/06/19
88935, ,1900/01/01,2021/06/21
88936, ,1900/01/01,2021/06/20
88999, ,1900/01/01,2021/06/22
89006, ,1900/01/01,2021/06/22
89007, ,1900/01/01,2021/06/23
89012, ,1900/01/01,2021/06/22
89039, ,1900/01/01,2021/06/23
89137, ,1900/01/01,2021/06/27
89138, ,1900/01/01,2021/06/27
89139, ,1900/01/01,2021/06/27
89154, ,1900/01/01,2021/06/27
89221,M,1900/01/01,2021/06/29
89229, ,1900/01/01,2021/06/29
89243, ,1900/01/01,2021/06/30
89255, ,1900/01/01,2021/06/30
89504, ,1900/01/01,2021/07/06
89536, ,1900/01/01,2021/06/25
89568, ,1900/01/01,2021/06/26
89641, ,1900/01/01,2021/06/28
89648, ,1900/01/01,2021/06/28
89704, ,1900/01/01,2021/06/30
89759, ,1900/01/01,2021/07/01
89773, ,1900/01/01,2021/07/01
89791, ,1900/01/01,2021/07/01
89887, ,1900/01/01,2021/07/04
89973, ,1900/01/01,2021/06/25
89976, ,1900/01/01,2021/06/25
90109, ,1900/01/01,2021/06/28
90194, ,1900/01/01,2021/07/01
90255, ,1900/01/01,2021/07/02
90320, ,1900/01/01,2021/07/03
90420, ,1900/01/01,2021/06/25
90422, ,1900/01/01,2021/06/25
90495, ,1900/01/01,2021/06/26
90503, ,1900/01/01,2021/06/26
90504, ,1900/01/01,2021/06/26
90569, ,1900/01/01,2021/06/29
90587, ,1900/01/01,2021/06/29
90654, ,1900/01/01,2021/06/30
90687, ,1900/01/01,2021/07/01
90704, ,1900/01/01,2021/07/02
90769, ,1900/01/01,2021/07/03
90806, ,1900/01/01,2021/07/04
90848, ,1900/01/01,2021/07/05
90897, ,1900/01/01,2021/07/07
90930, ,1900/01/01,2021/07/09
90981, ,1900/01/01,2021/07/10
91005, ,1900/01/01,2021/07/10
91029, ,1900/01/01,2021/07/12
91147, ,1900/01/01,2021/07/14
91174, ,1900/01/01,2021/07/14
91178, ,1900/01/01,2021/07/14
91223, ,1900/01/01,2021/07/16
91337, ,1900/01/01,2021/07/07
91349, ,1900/01/01,2021/07/07
91383, ,1900/01/01,2021/07/08
91384, ,1900/01/01,2021/07/08
91406, ,1900/01/01,2021/07/08
91415, ,1900/01/01,2021/07/08
91427,F,1983/05/03,2021/07/09
91587, ,1900/01/01,2021/07/14
91599, ,1900/01/01,2021/07/14
91611, ,1900/01/01,2021/07/14
91623, ,1900/01/01,2021/07/14
91666, ,1900/01/01,2021/07/16
91700, ,1900/01/01,2021/07/17
91769, ,1900/01/01,2021/07/06
91799, ,1900/01/01,2021/07/07
91873, ,1900/01/01,2021/07/09
91875, ,1900/01/01,2021/07/09
91903, ,1900/01/01,2021/07/09
91998, ,1900/01/01,2021/07/12
92003, ,1900/01/01,2021/07/12
92004, ,1900/01/01,2021/07/12
92135, ,1900/01/01,2021/07/16
92159, ,1900/01/01,2021/07/17
92194, ,1900/01/01,2021/07/06
92202, ,1900/01/01,2021/07/06
92222, ,1900/01/01,2021/07/06
92303, ,1900/01/01,2021/07/09
92319, ,1900/01/01,2021/07/09
92325, ,1900/01/01,2021/07/09
92479, ,1900/01/01,2021/07/13
92484, ,1900/01/01,2021/07/13
92557, ,1900/01/01,2021/07/15
92604, ,1900/01/01,2021/07/16
92631, ,1900/01/01,2021/07/16
92785, ,1900/01/01,2021/07/22
92869, ,1900/01/01,2021/07/25
92905, ,1900/01/01,2021/07/25
92931, ,1900/01/01,2021/07/26
92988, ,1900/01/01,2021/07/28
92991, ,1900/01/01,2021/07/28
93076, ,1900/01/01,2021/07/30
93165, ,1900/01/01,2021/07/20
93166, ,1900/01/01,2021/07/20
93225, ,1900/01/01,2021/07/22
93227, ,1900/01/01,2021/07/22
93239, ,1900/01/01,2021/07/22
93257, ,1900/01/01,2021/07/23
93321, ,1900/01/01,2021/07/25
93372, ,1900/01/01,2021/07/26
93373, ,1900/01/01,2021/07/27
93400, ,1900/01/01,2021/07/26
93424, ,1900/01/01,2021/07/28
93465, ,1900/01/01,2021/07/28
93527, ,1900/01/01,2021/07/19
93549, ,1900/01/01,2021/07/19
93551, ,1900/01/01,2021/07/19
93552, ,1900/01/01,2021/07/19
93724, ,1900/01/01,2021/07/23
93760, ,1900/01/01,2021/07/24
93818, ,1900/01/01,2021/07/26
93868, ,1900/01/01,2021/07/27
93878, ,1900/01/01,2021/07/27
93914, ,1900/01/01,2021/07/29
93930, ,1900/01/01,2021/07/29
93947, ,1900/01/01,2021/07/29
93992, ,1900/01/01,2021/07/17
94099, ,1900/01/01,2021/07/21
94133, ,1900/01/01,2021/07/21
94162, ,1900/01/01,2021/07/22
94226, ,1900/01/01,2021/07/24
94311, ,1900/01/01,2021/07/27
94323, ,1900/01/01,2021/07/27
94514, ,1900/01/01,2021/08/01
95295, ,1900/01/01,2021/07/30
95353, ,1900/01/01,2021/08/01
95407, ,1900/01/01,2021/08/02
95734, ,1900/01/01,2021/07/30
95874, ,1900/01/01,2021/08/02
